Species	Antibiotic	F1	Rank	Feature	Mean_abs_SHAP
S. enterica	amoxicillin_clavulanic_acid	0.9029862177781252	1	has_target_arg	0.0492622581403756
S. enterica	amoxicillin_clavulanic_acid	0.9029862177781252	2	n_target_args	0.0428037838818296
S. enterica	amoxicillin_clavulanic_acid	0.9029862177781252	3	target_n_plasmid	0.0401772192108694
S. enterica	amoxicillin_clavulanic_acid	0.9029862177781252	4	target_any_on_plasmid	0.0352857851192506
S. enterica	amoxicillin_clavulanic_acid	0.9029862177781252	5	arg_functional_score	0.0252223433855881
S. enterica	ampicillin	0.9691166179279688	1	has_target_arg	0.069075268116711
S. enterica	ampicillin	0.9691166179279688	2	n_target_args	0.0577750680096335
S. enterica	ampicillin	0.9691166179279688	3	target_n_plasmid	0.0455402234257791
S. enterica	ampicillin	0.9691166179279688	4	target_any_on_plasmid	0.038818738579497
S. enterica	ampicillin	0.9691166179279688	5	arg_functional_score	0.0258858582781059
S. enterica	cefotaxime	1.0	1	arg_functional_score	0.056595060557336
S. enterica	cefotaxime	1.0	2	n_target_args	0.037293029669152
S. enterica	cefotaxime	1.0	3	has_target_arg	0.0372271380272961
S. enterica	cefotaxime	1.0	4	target_n_plasmid	0.0355695167283824
S. enterica	cefotaxime	1.0	5	target_any_on_plasmid	0.0349215636518951
S. enterica	cefoxitin	0.935633773123795	1	target_rbs_dg_mrna_mean	0.0490091952058464
S. enterica	cefoxitin	0.935633773123795	2	target_cai_max	0.0398941345097604
S. enterica	cefoxitin	0.935633773123795	3	target_rare_codon_pct_mean	0.0388015026087107
S. enterica	cefoxitin	0.935633773123795	4	target_gc_deviation_max	0.0381247222188743
S. enterica	cefoxitin	0.935633773123795	5	genome_gc	0.0322241818310855
S. enterica	ceftazidime	0.7809464372393434	1	target_gc_deviation_max	0.047510181682644
S. enterica	ceftazidime	0.7809464372393434	2	target_gene_gc_max	0.044024434858346
S. enterica	ceftazidime	0.7809464372393434	3	target_cai_max	0.0410627582846597
S. enterica	ceftazidime	0.7809464372393434	4	genome_gc	0.0343471693634163
S. enterica	ceftazidime	0.7809464372393434	5	target_cai_mean	0.0342948059425572
S. enterica	ceftiofur	0.966619912964684	1	target_gene_gc_max	0.0538652518434076
S. enterica	ceftiofur	0.966619912964684	2	target_rare_codon_pct_mean	0.0499085304227075
S. enterica	ceftiofur	0.966619912964684	3	target_cai_mean	0.0482966428017258
S. enterica	ceftiofur	0.966619912964684	4	target_cai_max	0.043050886331725
S. enterica	ceftiofur	0.966619912964684	5	target_gc_deviation_max	0.0373947040039129
S. enterica	ceftriaxone	0.9667863376055496	1	target_cai_max	0.0496069248779541
S. enterica	ceftriaxone	0.9667863376055496	2	target_rare_codon_pct_mean	0.046361604102158
S. enterica	ceftriaxone	0.9667863376055496	3	target_gc_deviation_max	0.0437614532453628
S. enterica	ceftriaxone	0.9667863376055496	4	target_cai_mean	0.032695043458369
S. enterica	ceftriaxone	0.9667863376055496	5	target_gc_deviation_mean	0.0268898433594383
S. enterica	chloramphenicol	0.9287300018075664	1	arg_functional_score	0.0464337847914818
S. enterica	chloramphenicol	0.9287300018075664	2	target_any_on_plasmid	0.0460876310484694
S. enterica	chloramphenicol	0.9287300018075664	3	has_target_arg	0.0457112356627577
S. enterica	chloramphenicol	0.9287300018075664	4	target_n_plasmid	0.0436283185782894
S. enterica	chloramphenicol	0.9287300018075664	5	n_target_args	0.040348086796854
S. enterica	ciprofloxacin	0.9598362702553392	1	pf_has_gyrA	0.1312997574287686
S. enterica	ciprofloxacin	0.9598362702553392	2	pf_n_quinolone_mutations	0.0916348981316638
S. enterica	ciprofloxacin	0.9598362702553392	3	pf_n_mutations	0.0709049543869636
S. enterica	ciprofloxacin	0.9598362702553392	4	pf_has_parC	0.0303922126374949
S. enterica	ciprofloxacin	0.9598362702553392	5	pf_has_quinolone_mutation	0.0283422994295121
S. enterica	colistin	0.9985062220071712	1	st_17	0.103764690141351
S. enterica	colistin	0.9985062220071712	2	pf_n_quinolone_mutations	0.0814441932565359
S. enterica	colistin	0.9985062220071712	3	pf_n_mutations	0.0804931160338474
S. enterica	colistin	0.9985062220071712	4	genome_gc	0.0516670643165236
S. enterica	colistin	0.9985062220071712	5	st_10	0.0484924952191207
S. enterica	gentamicin	0.9103896150342496	1	target_gc_deviation_max	0.0631643085151867
S. enterica	gentamicin	0.9103896150342496	2	target_gene_gc_max	0.0541306014812274
S. enterica	gentamicin	0.9103896150342496	3	target_cai_max	0.0482129524598586
S. enterica	gentamicin	0.9103896150342496	4	target_rbs_dg_mrna_mean	0.0336824898233141
S. enterica	gentamicin	0.9103896150342496	5	target_rare_codon_pct_mean	0.0304604209519597
S. enterica	kanamycin	0.8314460738508338	1	genome_gc	0.0446950701122285
S. enterica	kanamycin	0.8314460738508338	2	target_gene_gc_mean	0.0422022383994793
S. enterica	kanamycin	0.8314460738508338	3	target_gc_deviation_mean	0.0375903484959374
S. enterica	kanamycin	0.8314460738508338	4	n_target_args	0.0284353038281225
S. enterica	kanamycin	0.8314460738508338	5	target_promoter_ldf_min	0.0271252969009028
S. enterica	nalidixic_acid	0.9733260062349216	1	pf_has_gyrA	0.1642311610923174
S. enterica	nalidixic_acid	0.9733260062349216	2	pf_n_quinolone_mutations	0.1020339144009841
S. enterica	nalidixic_acid	0.9733260062349216	3	pf_n_mutations	0.0855723800264281
S. enterica	nalidixic_acid	0.9733260062349216	4	pf_has_parC	0.0355203001004052
S. enterica	nalidixic_acid	0.9733260062349216	5	pf_has_quinolone_mutation	0.0317207439169995
S. enterica	spectinomycin	0.9412957210273764	1	n_target_args	0.0449610778409952
S. enterica	spectinomycin	0.9412957210273764	2	n_amr_genes	0.0442525750769005
S. enterica	spectinomycin	0.9412957210273764	3	has_target_arg	0.0410135750182292
S. enterica	spectinomycin	0.9412957210273764	4	target_n_chromosome	0.0329921253030307
S. enterica	spectinomycin	0.9412957210273764	5	genome_gene_copies_sum	0.028753971895114
S. enterica	streptomycin	0.9345012913633032	1	n_target_args	0.0533854614954451
S. enterica	streptomycin	0.9345012913633032	2	has_target_arg	0.0524524863561618
S. enterica	streptomycin	0.9345012913633032	3	target_n_plasmid	0.0456250000421672
S. enterica	streptomycin	0.9345012913633032	4	target_any_on_plasmid	0.0394968854365768
S. enterica	streptomycin	0.9345012913633032	5	arg_functional_score	0.023582847112896
S. enterica	sulfamethoxazole	0.947754372019078	1	has_target_arg	0.0563636473660455
S. enterica	sulfamethoxazole	0.947754372019078	2	n_target_args	0.0483032328331076
S. enterica	sulfamethoxazole	0.947754372019078	3	arg_functional_score	0.048203330424217
S. enterica	sulfamethoxazole	0.947754372019078	4	arg_poor_adaptation	0.0443198238204073
S. enterica	sulfamethoxazole	0.947754372019078	5	genome_gc	0.0440488087656655
S. enterica	sulfisoxazole	0.9768490476443092	1	has_target_arg	0.0675306059361723
S. enterica	sulfisoxazole	0.9768490476443092	2	n_target_args	0.0572933950079438
S. enterica	sulfisoxazole	0.9768490476443092	3	arg_poor_adaptation	0.0469625086307732
S. enterica	sulfisoxazole	0.9768490476443092	4	target_any_on_plasmid	0.0460333519623968
S. enterica	sulfisoxazole	0.9768490476443092	5	target_n_plasmid	0.037886370527219
S. enterica	sulfonamides	0.9638297895987136	1	n_target_args	0.0698732234657819
S. enterica	sulfonamides	0.9638297895987136	2	has_target_arg	0.0624276656687095
S. enterica	sulfonamides	0.9638297895987136	3	arg_poor_adaptation	0.0518449981870566
S. enterica	sulfonamides	0.9638297895987136	4	n_amr_genes	0.0336812093707682
S. enterica	sulfonamides	0.9638297895987136	5	arg_functional_score	0.0270178073125008
S. enterica	tetracycline	0.9803896381393836	1	has_target_arg	0.0671607896605223
S. enterica	tetracycline	0.9803896381393836	2	n_target_args	0.0587011438635687
S. enterica	tetracycline	0.9803896381393836	3	target_n_plasmid	0.0568966208977272
S. enterica	tetracycline	0.9803896381393836	4	target_any_on_plasmid	0.043069416551584
S. enterica	tetracycline	0.9803896381393836	5	arg_functional_score	0.0416615394854581
S. enterica	trimethoprim	0.7298072255738159	1	genome_gc	0.054875008914455
S. enterica	trimethoprim	0.7298072255738159	2	n_amr_genes	0.0359843388674247
S. enterica	trimethoprim	0.7298072255738159	3	target_n_plasmid	0.0342304689344592
S. enterica	trimethoprim	0.7298072255738159	4	has_target_arg	0.033593200754845
S. enterica	trimethoprim	0.7298072255738159	5	genome_gene_copies_sum	0.0308964641330427
E. coli	amikacin	0.9230470816434492	1	st_152	0.0710346404547386
E. coli	amikacin	0.9230470816434492	2	target_operon_size_mean	0.0436011165460598
E. coli	amikacin	0.9230470816434492	3	target_min_srna_distance	0.0339188651581573
E. coli	amikacin	0.9230470816434492	4	target_nearest_sRNA_distance_bp_mean	0.0287312392529088
E. coli	amikacin	0.9230470816434492	5	target_nearest_sRNA_distance_bp_max	0.0186773725610374
E. coli	amoxicillin_clavulanic_acid	0.8286839851532065	1	target_cai_max	0.0579382468571277
E. coli	amoxicillin_clavulanic_acid	0.8286839851532065	2	target_gc_deviation_max	0.0467203599787425
E. coli	amoxicillin_clavulanic_acid	0.8286839851532065	3	target_gene_gc_max	0.0437086703491165
E. coli	amoxicillin_clavulanic_acid	0.8286839851532065	4	n_target_args	0.0237208009481039
E. coli	amoxicillin_clavulanic_acid	0.8286839851532065	5	target_rbs_expression_max	0.0181705642314202
E. coli	ampicillin	0.9729775846365528	1	n_target_args	0.0705355700540726
E. coli	ampicillin	0.9729775846365528	2	target_operon_size_mean	0.0391429335951437
E. coli	ampicillin	0.9729775846365528	3	target_rbs_expression_max	0.0339794569811854
E. coli	ampicillin	0.9729775846365528	4	target_rbs_expression_mean	0.0314093197235421
E. coli	ampicillin	0.9729775846365528	5	arg_functional_score	0.0276175432022463
E. coli	ampicillin_sulbactam	0.9229886013446452	1	n_target_args	0.0381862104823952
E. coli	ampicillin_sulbactam	0.9229886013446452	2	target_rare_codon_pct_max	0.0345550489434247
E. coli	ampicillin_sulbactam	0.9229886013446452	3	target_cai_min	0.0322127582517164
E. coli	ampicillin_sulbactam	0.9229886013446452	4	target_rare_codon_clusters_mean	0.0268908257507456
E. coli	ampicillin_sulbactam	0.9229886013446452	5	target_n_plasmid	0.0213418461406017
E. coli	azithromycin	0.9552717372218364	1	target_n_plasmid	0.0777197938491449
E. coli	azithromycin	0.9552717372218364	2	has_target_arg	0.0552451923192623
E. coli	azithromycin	0.9552717372218364	3	arg_poor_adaptation	0.0487135784353068
E. coli	azithromycin	0.9552717372218364	4	target_any_on_plasmid	0.0483239194324069
E. coli	azithromycin	0.9552717372218364	5	n_target_args	0.0419657507693619
E. coli	aztreonam	0.9255637080032744	1	target_n_plasmid	0.0392746517896879
E. coli	aztreonam	0.9255637080032744	2	target_cai_max	0.0357245668640845
E. coli	aztreonam	0.9255637080032744	3	target_gc_deviation_max	0.0341257620914593
E. coli	aztreonam	0.9255637080032744	4	n_target_args	0.0335974633659381
E. coli	aztreonam	0.9255637080032744	5	target_gene_gc_max	0.031444712520405
E. coli	cefazolin	0.963793951739374	1	target_cai_max	0.047775387664928
E. coli	cefazolin	0.963793951739374	2	target_gc_deviation_max	0.0421644759063029
E. coli	cefazolin	0.963793951739374	3	target_gene_gc_max	0.0402254158250482
E. coli	cefazolin	0.963793951739374	4	target_operon_size_mean	0.0216949220248431
E. coli	cefazolin	0.963793951739374	5	n_amr_genes	0.0204589290537058
E. coli	cefepime	0.6389661841598936	1	target_gc_deviation_max	0.0461940009416505
E. coli	cefepime	0.6389661841598936	2	target_gene_gc_max	0.0414191393101096
E. coli	cefepime	0.6389661841598936	3	target_cai_max	0.0305001372393756
E. coli	cefepime	0.6389661841598936	4	pf_n_mutations	0.0246167557378811
E. coli	cefepime	0.6389661841598936	5	pf_n_quinolone_mutations	0.020469656846224
E. coli	cefotaxime	0.9341518967288464	1	target_cai_max	0.0655785013828094
E. coli	cefotaxime	0.9341518967288464	2	target_gc_deviation_max	0.0592596454811502
E. coli	cefotaxime	0.9341518967288464	3	target_gene_gc_max	0.0488644250445882
E. coli	cefotaxime	0.9341518967288464	4	target_gene_gc_mean	0.0264750334581209
E. coli	cefotaxime	0.9341518967288464	5	target_rbs_expression_mean	0.0245080778558507
E. coli	cefoxitin	0.8544347222917097	1	target_cai_max	0.0453731825030295
E. coli	cefoxitin	0.8544347222917097	2	target_gc_deviation_max	0.0371241123716737
E. coli	cefoxitin	0.8544347222917097	3	target_gene_gc_max	0.035694690476513
E. coli	cefoxitin	0.8544347222917097	4	arg_functional_score	0.030729581058547
E. coli	cefoxitin	0.8544347222917097	5	target_rbs_expression_max	0.0289809536500656
E. coli	cefpirome	0.9710635769459298	1	target_identity_max	0.063966748397377
E. coli	cefpirome	0.9710635769459298	2	target_operon_size_mean	0.0490900771140951
E. coli	cefpirome	0.9710635769459298	3	target_identity_mean	0.0448323087423528
E. coli	cefpirome	0.9710635769459298	4	n_target_args	0.0370500326072979
E. coli	cefpirome	0.9710635769459298	5	target_rbs_expression_max	0.0309632280907598
E. coli	ceftazidime	0.8218732660780855	1	target_cai_max	0.0391660000157766
E. coli	ceftazidime	0.8218732660780855	2	target_gc_deviation_max	0.0356194328959109
E. coli	ceftazidime	0.8218732660780855	3	target_gene_gc_max	0.030378312695468
E. coli	ceftazidime	0.8218732660780855	4	target_gc_deviation_mean	0.0181916229541539
E. coli	ceftazidime	0.8218732660780855	5	target_gene_gc_mean	0.0177687040315665
E. coli	ceftiofur	0.9332048476577804	1	target_cai_max	0.0785716705570245
E. coli	ceftiofur	0.9332048476577804	2	target_gc_deviation_max	0.0666057611309318
E. coli	ceftiofur	0.9332048476577804	3	target_gene_gc_max	0.0489158054283208
E. coli	ceftiofur	0.9332048476577804	4	target_gc_deviation_mean	0.0334268661050074
E. coli	ceftiofur	0.9332048476577804	5	target_gene_gc_mean	0.0319770979334342
E. coli	ceftriaxone	0.9554424632367184	1	target_gc_deviation_max	0.0843651696182782
E. coli	ceftriaxone	0.9554424632367184	2	target_cai_max	0.0761286118679137
E. coli	ceftriaxone	0.9554424632367184	3	target_gene_gc_max	0.0660428706283474
E. coli	ceftriaxone	0.9554424632367184	4	arg_functional_score	0.025661578055674
E. coli	ceftriaxone	0.9554424632367184	5	target_gene_gc_mean	0.0232667787877392
E. coli	chloramphenicol	0.8586478410135981	1	genome_gc	0.0651546656440109
E. coli	chloramphenicol	0.8586478410135981	2	has_target_arg	0.0508438759639936
E. coli	chloramphenicol	0.8586478410135981	3	n_target_args	0.0385359911924689
E. coli	chloramphenicol	0.8586478410135981	4	target_n_plasmid	0.037986764956977
E. coli	chloramphenicol	0.8586478410135981	5	target_any_on_plasmid	0.0374145849087127
E. coli	ciprofloxacin	0.9208457380448014	1	pf_has_gyrA	0.1074390835855015
E. coli	ciprofloxacin	0.9208457380448014	2	pf_n_quinolone_mutations	0.0710798436529971
E. coli	ciprofloxacin	0.9208457380448014	3	pf_n_mutations	0.065501851236829
E. coli	ciprofloxacin	0.9208457380448014	4	pf_has_quinolone_mutation	0.0578297315682035
E. coli	ciprofloxacin	0.9208457380448014	5	pf_has_parC	0.0407764817806608
E. coli	colistin	0.9053421309872924	1	has_target_arg	0.0428881259681148
E. coli	colistin	0.9053421309872924	2	n_amr_genes	0.0422241055592972
E. coli	colistin	0.9053421309872924	3	pf_n_mutations	0.0418569142031383
E. coli	colistin	0.9053421309872924	4	pf_n_quinolone_mutations	0.037565833840367
E. coli	colistin	0.9053421309872924	5	genome_gc	0.0365945199953747
E. coli	doripenem	0.5	1	target_gc_deviation_max	0.0594486623408419
E. coli	doripenem	0.5	2	target_gene_gc_max	0.0474679039930572
E. coli	doripenem	0.5	3	arg_functional_score	0.0254164708747091
E. coli	doripenem	0.5	4	arg_poor_adaptation	0.0234598230172171
E. coli	doripenem	0.5	5	target_rare_codon_clusters_max	0.0185920150429561
E. coli	ertapenem	0.8136146851976929	1	st_152	0.0878552112814203
E. coli	ertapenem	0.8136146851976929	2	target_rare_codon_clusters_mean	0.0222881940921653
E. coli	ertapenem	0.8136146851976929	3	target_gc_deviation_max	0.0206073543570016
E. coli	ertapenem	0.8136146851976929	4	target_identity_mean	0.0205064202500344
E. coli	ertapenem	0.8136146851976929	5	target_gene_gc_max	0.0202910117597243
E. coli	gentamicin	0.9260329025176762	1	target_gene_gc_max	0.0749578634998621
E. coli	gentamicin	0.9260329025176762	2	target_gc_deviation_max	0.0732488216383327
E. coli	gentamicin	0.9260329025176762	3	arg_poor_adaptation	0.0394485309447602
E. coli	gentamicin	0.9260329025176762	4	target_cai_max	0.0273510286066385
E. coli	gentamicin	0.9260329025176762	5	target_rare_codon_pct_mean	0.0227280456935547
E. coli	imipenem	0.6167277167277168	1	target_gc_deviation_max	0.0649369638804086
E. coli	imipenem	0.6167277167277168	2	target_gene_gc_max	0.0600895915006036
E. coli	imipenem	0.6167277167277168	3	target_cai_max	0.0292144730208
E. coli	imipenem	0.6167277167277168	4	arg_functional_score	0.0271338705878914
E. coli	imipenem	0.6167277167277168	5	arg_poor_adaptation	0.0224555188524954
E. coli	kanamycin	0.9277122728958102	1	target_gene_gc_mean	0.0717409655425109
E. coli	kanamycin	0.9277122728958102	2	target_gc_deviation_mean	0.0626074586174858
E. coli	kanamycin	0.9277122728958102	3	n_target_args	0.0506735036880128
E. coli	kanamycin	0.9277122728958102	4	target_identity_mean	0.0281640937060536
E. coli	kanamycin	0.9277122728958102	5	target_n_plasmid	0.0205095161390681
E. coli	levofloxacin	0.942187078266447	1	pf_n_mutations	0.0860581687124561
E. coli	levofloxacin	0.942187078266447	2	pf_n_quinolone_mutations	0.0782824530893093
E. coli	levofloxacin	0.942187078266447	3	pf_has_gyrA	0.0696862261875466
E. coli	levofloxacin	0.942187078266447	4	pf_has_quinolone_mutation	0.056694310154595
E. coli	levofloxacin	0.942187078266447	5	pf_has_parC	0.0522490679857561
E. coli	nalidixic_acid	0.9256771397616468	1	pf_has_gyrA	0.1633865852706042
E. coli	nalidixic_acid	0.9256771397616468	2	pf_n_quinolone_mutations	0.0804513668995107
E. coli	nalidixic_acid	0.9256771397616468	3	pf_has_quinolone_mutation	0.0719871657327814
E. coli	nalidixic_acid	0.9256771397616468	4	pf_n_mutations	0.053116891969141
E. coli	nalidixic_acid	0.9256771397616468	5	n_amr_genes	0.0216365066280076
E. coli	nitrofurantoin	0.2173543575287761	1	genome_gc	0.1198013990983349
E. coli	nitrofurantoin	0.2173543575287761	2	n_amr_genes	0.0727474965512048
E. coli	nitrofurantoin	0.2173543575287761	3	genome_gene_copies_sum	0.0689241292526933
E. coli	nitrofurantoin	0.2173543575287761	4	st_other	0.0447490226846885
E. coli	nitrofurantoin	0.2173543575287761	5	st_131	0.0308669140702921
E. coli	piperacillin_tazobactam	0.4791670684207997	1	target_gc_deviation_max	0.0292983956742416
E. coli	piperacillin_tazobactam	0.4791670684207997	2	target_gene_gc_max	0.0232089678714886
E. coli	piperacillin_tazobactam	0.4791670684207997	3	target_n_plasmid	0.0227962962362629
E. coli	piperacillin_tazobactam	0.4791670684207997	4	n_target_args	0.0197353158231915
E. coli	piperacillin_tazobactam	0.4791670684207997	5	target_promoter_ldf_min	0.0186519859232565
E. coli	streptomycin	0.9253053858890188	1	n_target_args	0.0635194685981326
E. coli	streptomycin	0.9253053858890188	2	has_target_arg	0.0493847165005842
E. coli	streptomycin	0.9253053858890188	3	target_n_plasmid	0.0474490817639805
E. coli	streptomycin	0.9253053858890188	4	target_any_on_plasmid	0.0380969504112706
E. coli	streptomycin	0.9253053858890188	5	n_amr_genes	0.0288030530978767
E. coli	sulfamethoxazole	0.9705270629991126	1	has_target_arg	0.0750042130736026
E. coli	sulfamethoxazole	0.9705270629991126	2	n_target_args	0.0561225007039334
E. coli	sulfamethoxazole	0.9705270629991126	3	arg_functional_score	0.0395717115439062
E. coli	sulfamethoxazole	0.9705270629991126	4	target_any_on_plasmid	0.0380891628025969
E. coli	sulfamethoxazole	0.9705270629991126	5	arg_poor_adaptation	0.0355803324468715
E. coli	sulfisoxazole	0.9810650574114886	1	has_target_arg	0.0689159995017376
E. coli	sulfisoxazole	0.9810650574114886	2	n_target_args	0.0629114631500123
E. coli	sulfisoxazole	0.9810650574114886	3	target_n_plasmid	0.0413414848520148
E. coli	sulfisoxazole	0.9810650574114886	4	arg_poor_adaptation	0.0388540325547245
E. coli	sulfisoxazole	0.9810650574114886	5	arg_functional_score	0.0379144310042997
E. coli	sulfonamides	0.973364144747632	1	has_target_arg	0.0567202049363091
E. coli	sulfonamides	0.973364144747632	2	target_any_on_plasmid	0.0525466738630085
E. coli	sulfonamides	0.973364144747632	3	n_target_args	0.0480533903251036
E. coli	sulfonamides	0.973364144747632	4	arg_poor_adaptation	0.0479256998235133
E. coli	sulfonamides	0.973364144747632	5	target_n_plasmid	0.041126680890937
E. coli	temocillin	0.9710635769459298	1	target_identity_max	0.063966748397377
E. coli	temocillin	0.9710635769459298	2	target_operon_size_mean	0.0490900771140951
E. coli	temocillin	0.9710635769459298	3	target_identity_mean	0.0448323087423528
E. coli	temocillin	0.9710635769459298	4	n_target_args	0.0370500326072979
E. coli	temocillin	0.9710635769459298	5	target_rbs_expression_max	0.0309632280907598
E. coli	tetracycline	0.9714005935858034	1	has_target_arg	0.0800332693579651
E. coli	tetracycline	0.9714005935858034	2	n_target_args	0.0614929040724902
E. coli	tetracycline	0.9714005935858034	3	target_n_plasmid	0.0456879594699488
E. coli	tetracycline	0.9714005935858034	4	arg_functional_score	0.0397053453278211
E. coli	tetracycline	0.9714005935858034	5	target_any_on_plasmid	0.0362468559383963
E. coli	tobramycin	0.9380097736149892	1	st_152	0.0371914663716724
E. coli	tobramycin	0.9380097736149892	2	target_rare_codon_pct_mean	0.0333334416137339
E. coli	tobramycin	0.9380097736149892	3	target_gc_deviation_max	0.0313346735501857
E. coli	tobramycin	0.9380097736149892	4	has_target_arg	0.0269551117187264
E. coli	tobramycin	0.9380097736149892	5	target_gene_gc_max	0.0259997159447839
E. coli	trimethoprim	0.9896072243098306	1	has_target_arg	0.0929252262714031
E. coli	trimethoprim	0.9896072243098306	2	n_target_args	0.0609820842184872
E. coli	trimethoprim	0.9896072243098306	3	arg_functional_score	0.0336793511254503
E. coli	trimethoprim	0.9896072243098306	4	target_any_on_plasmid	0.0250090012973562
E. coli	trimethoprim	0.9896072243098306	5	target_n_chromosome	0.0241892554145486
E. coli	trimethoprim_sulfamethoxazole	0.9337812323551924	1	has_target_arg	0.0681482400493387
E. coli	trimethoprim_sulfamethoxazole	0.9337812323551924	2	arg_functional_score	0.0450801627665955
E. coli	trimethoprim_sulfamethoxazole	0.9337812323551924	3	n_target_args	0.0413889410861088
E. coli	trimethoprim_sulfamethoxazole	0.9337812323551924	4	target_n_plasmid	0.0389615477506805
E. coli	trimethoprim_sulfamethoxazole	0.9337812323551924	5	target_any_on_plasmid	0.0301198261471286
K. pneumoniae	amikacin	0.8103412441217319	1	target_cai_min	0.036687947197107
K. pneumoniae	amikacin	0.8103412441217319	2	target_gc_deviation_mean	0.0347986992923312
K. pneumoniae	amikacin	0.8103412441217319	3	pf_has_quinolone_mutation	0.0338403428824487
K. pneumoniae	amikacin	0.8103412441217319	4	target_gene_gc_mean	0.0325905197891891
K. pneumoniae	amikacin	0.8103412441217319	5	pf_has_parC	0.0322008659780857
K. pneumoniae	amoxicillin_clavulanic_acid	0.9019441824769844	1	target_gene_gc_mean	0.0399656581721191
K. pneumoniae	amoxicillin_clavulanic_acid	0.9019441824769844	2	target_gc_deviation_mean	0.0307582418752907
K. pneumoniae	amoxicillin_clavulanic_acid	0.9019441824769844	3	target_cai_mean	0.0279625537235006
K. pneumoniae	amoxicillin_clavulanic_acid	0.9019441824769844	4	target_rare_codon_pct_mean	0.019632732369714
K. pneumoniae	amoxicillin_clavulanic_acid	0.9019441824769844	5	target_rbs_dg_mrna_max	0.0193116683319488
K. pneumoniae	ampicillin_sulbactam	0.9664877713677196	1	target_gene_gc_mean	0.0361391776357468
K. pneumoniae	ampicillin_sulbactam	0.9664877713677196	2	target_gc_deviation_mean	0.0350109747208838
K. pneumoniae	ampicillin_sulbactam	0.9664877713677196	3	target_cai_mean	0.0317078797311571
K. pneumoniae	ampicillin_sulbactam	0.9664877713677196	4	target_cai_min	0.0316834475550599
K. pneumoniae	ampicillin_sulbactam	0.9664877713677196	5	target_promoter_distance_max	0.026236835311228
K. pneumoniae	cefepime	0.8398932377891379	1	pf_has_quinolone_mutation	0.0615161435616319
K. pneumoniae	cefepime	0.8398932377891379	2	pf_n_quinolone_mutations	0.0547578837829072
K. pneumoniae	cefepime	0.8398932377891379	3	pf_has_parC	0.0341990546163962
K. pneumoniae	cefepime	0.8398932377891379	4	n_amr_genes	0.0242006193371571
K. pneumoniae	cefepime	0.8398932377891379	5	target_cai_mean	0.0219311345101926
K. pneumoniae	cefotaxime	0.9864530144878448	1	target_gene_gc_mean	0.0425416777685145
K. pneumoniae	cefotaxime	0.9864530144878448	2	target_cai_min	0.0346593741899068
K. pneumoniae	cefotaxime	0.9864530144878448	3	n_amr_genes	0.0340493155755398
K. pneumoniae	cefotaxime	0.9864530144878448	4	target_cai_mean	0.0314722857227603
K. pneumoniae	cefotaxime	0.9864530144878448	5	target_promoter_distance_max	0.0304255603888332
K. pneumoniae	cefoxitin	0.8853681465442303	1	pf_has_quinolone_mutation	0.0359002699746578
K. pneumoniae	cefoxitin	0.8853681465442303	2	pf_n_quinolone_mutations	0.035520858376756
K. pneumoniae	cefoxitin	0.8853681465442303	3	pf_has_parC	0.0243326506169544
K. pneumoniae	cefoxitin	0.8853681465442303	4	target_promoter_up_at_ratio_mean	0.0236345540193757
K. pneumoniae	cefoxitin	0.8853681465442303	5	arg_functional_score	0.0182576965232177
K. pneumoniae	ceftazidime	0.911624378788826	1	pf_n_quinolone_mutations	0.0354288799605336
K. pneumoniae	ceftazidime	0.911624378788826	2	n_amr_genes	0.0329643051834388
K. pneumoniae	ceftazidime	0.911624378788826	3	pf_has_quinolone_mutation	0.0313320121169337
K. pneumoniae	ceftazidime	0.911624378788826	4	genome_gene_copies_sum	0.0311135475000158
K. pneumoniae	ceftazidime	0.911624378788826	5	target_gene_gc_mean	0.0301769499372614
K. pneumoniae	ceftazidime_avibactam	0.8835431490603904	1	target_operon_size_mean	0.0678336057406441
K. pneumoniae	ceftazidime_avibactam	0.8835431490603904	2	target_operon_size_max	0.0663299056403522
K. pneumoniae	ceftazidime_avibactam	0.8835431490603904	3	target_rare_codon_clusters_mean	0.0373443074409452
K. pneumoniae	ceftazidime_avibactam	0.8835431490603904	4	genome_gene_copies_sum	0.0302187997793473
K. pneumoniae	ceftazidime_avibactam	0.8835431490603904	5	n_amr_genes	0.0274233181721921
K. pneumoniae	ceftriaxone	0.9379403820123104	1	target_gene_gc_mean	0.0463476796463856
K. pneumoniae	ceftriaxone	0.9379403820123104	2	n_amr_genes	0.0457473633210737
K. pneumoniae	ceftriaxone	0.9379403820123104	3	genome_gene_copies_sum	0.04468564853497
K. pneumoniae	ceftriaxone	0.9379403820123104	4	target_gc_deviation_mean	0.031661740592936
K. pneumoniae	ceftriaxone	0.9379403820123104	5	pf_has_parC	0.0237175684026797
K. pneumoniae	chloramphenicol	0.9478991596638656	1	pf_has_quinolone_mutation	0.0611567739887207
K. pneumoniae	chloramphenicol	0.9478991596638656	2	pf_n_mutations	0.0567529175116011
K. pneumoniae	chloramphenicol	0.9478991596638656	3	pf_n_quinolone_mutations	0.0433260464045671
K. pneumoniae	chloramphenicol	0.9478991596638656	4	target_rare_codon_pct_mean	0.0332680574485894
K. pneumoniae	chloramphenicol	0.9478991596638656	5	pf_has_parC	0.0311571630376603
K. pneumoniae	ciprofloxacin	0.9553074934922624	1	pf_has_quinolone_mutation	0.0820611493028705
K. pneumoniae	ciprofloxacin	0.9553074934922624	2	pf_n_quinolone_mutations	0.0757905792835113
K. pneumoniae	ciprofloxacin	0.9553074934922624	3	pf_has_parC	0.0495474283483891
K. pneumoniae	ciprofloxacin	0.9553074934922624	4	n_amr_genes	0.039452797446491
K. pneumoniae	ciprofloxacin	0.9553074934922624	5	genome_gene_copies_sum	0.0391619303450903
K. pneumoniae	colistin	0.909050428763757	1	genome_gc	0.0656463873104584
K. pneumoniae	colistin	0.909050428763757	2	st_512	0.0548484827464435
K. pneumoniae	colistin	0.909050428763757	3	n_amr_genes	0.0459340726297207
K. pneumoniae	colistin	0.909050428763757	4	genome_gene_copies_sum	0.0416140935965584
K. pneumoniae	colistin	0.909050428763757	5	pf_n_quinolone_mutations	0.038813665047526
K. pneumoniae	doripenem	0.9147062907688408	1	target_promoter_up_at_ratio_mean	0.0413776179111173
K. pneumoniae	doripenem	0.9147062907688408	2	pf_has_quinolone_mutation	0.0316099257480854
K. pneumoniae	doripenem	0.9147062907688408	3	pf_n_quinolone_mutations	0.0268300193860674
K. pneumoniae	doripenem	0.9147062907688408	4	target_cai_mean	0.0265226662811523
K. pneumoniae	doripenem	0.9147062907688408	5	target_promoter_ldf_min	0.0202027542412121
K. pneumoniae	ertapenem	0.894317770252815	1	pf_n_quinolone_mutations	0.0609469550123923
K. pneumoniae	ertapenem	0.894317770252815	2	pf_has_quinolone_mutation	0.0598667233583571
K. pneumoniae	ertapenem	0.894317770252815	3	target_promoter_up_at_ratio_mean	0.0529443601212688
K. pneumoniae	ertapenem	0.894317770252815	4	pf_has_parC	0.0374438222575558
K. pneumoniae	ertapenem	0.894317770252815	5	pf_n_mutations	0.0240052785785695
K. pneumoniae	fosfomycin	0.6966343460461109	1	st_512	0.0559763865978748
K. pneumoniae	fosfomycin	0.6966343460461109	2	st_258	0.0364383257891638
K. pneumoniae	fosfomycin	0.6966343460461109	3	genome_gene_copies_sum	0.0248449310721231
K. pneumoniae	fosfomycin	0.6966343460461109	4	target_cai_min	0.0196941195647296
K. pneumoniae	fosfomycin	0.6966343460461109	5	n_amr_genes	0.0181539169756002
K. pneumoniae	gentamicin	0.8883009650152507	1	target_gc_deviation_max	0.0739699598811722
K. pneumoniae	gentamicin	0.8883009650152507	2	target_gene_gc_max	0.073925765127117
K. pneumoniae	gentamicin	0.8883009650152507	3	target_cai_max	0.0468468910650024
K. pneumoniae	gentamicin	0.8883009650152507	4	n_target_args	0.0208051993301289
K. pneumoniae	gentamicin	0.8883009650152507	5	target_gene_gc_mean	0.0191725817447791
K. pneumoniae	imipenem	0.91467120671309	1	pf_has_quinolone_mutation	0.0472756881355539
K. pneumoniae	imipenem	0.91467120671309	2	pf_n_quinolone_mutations	0.0469166142187985
K. pneumoniae	imipenem	0.91467120671309	3	target_promoter_up_at_ratio_mean	0.0379339349179375
K. pneumoniae	imipenem	0.91467120671309	4	pf_has_parC	0.0285108872107251
K. pneumoniae	imipenem	0.91467120671309	5	target_cai_mean	0.0236623293109865
K. pneumoniae	levofloxacin	0.9253882190475372	1	pf_has_quinolone_mutation	0.0675772811200105
K. pneumoniae	levofloxacin	0.9253882190475372	2	pf_n_quinolone_mutations	0.0639331267174003
K. pneumoniae	levofloxacin	0.9253882190475372	3	pf_has_parC	0.0508525209678537
K. pneumoniae	levofloxacin	0.9253882190475372	4	genome_gene_copies_sum	0.0466177497861894
K. pneumoniae	levofloxacin	0.9253882190475372	5	n_amr_genes	0.0436731651820225
K. pneumoniae	meropenem	0.8836218671406326	1	pf_n_quinolone_mutations	0.0526090108219683
K. pneumoniae	meropenem	0.8836218671406326	2	target_promoter_up_at_ratio_mean	0.0522080106445275
K. pneumoniae	meropenem	0.8836218671406326	3	pf_has_quinolone_mutation	0.0514176151638115
K. pneumoniae	meropenem	0.8836218671406326	4	pf_has_parC	0.0372834726726712
K. pneumoniae	meropenem	0.8836218671406326	5	pf_n_mutations	0.0220127739393295
K. pneumoniae	minocycline	0.7678438520543783	1	target_gc_deviation_max	0.0296791897581291
K. pneumoniae	minocycline	0.7678438520543783	2	target_cai_min	0.0290390641344509
K. pneumoniae	minocycline	0.7678438520543783	3	target_gc_deviation_mean	0.0250080660512224
K. pneumoniae	minocycline	0.7678438520543783	4	n_amr_genes	0.0246414184139525
K. pneumoniae	minocycline	0.7678438520543783	5	genome_gene_copies_sum	0.0246339521311732
K. pneumoniae	nitrofurantoin	0.8834801809333934	1	genome_gc	0.1407792547398859
K. pneumoniae	nitrofurantoin	0.8834801809333934	2	n_amr_genes	0.0510766444164559
K. pneumoniae	nitrofurantoin	0.8834801809333934	3	genome_gene_copies_sum	0.0461983327835471
K. pneumoniae	nitrofurantoin	0.8834801809333934	4	pf_n_mutations	0.044953533358045
K. pneumoniae	nitrofurantoin	0.8834801809333934	5	pf_n_quinolone_mutations	0.0418854569901962
K. pneumoniae	piperacillin_tazobactam	0.8172620074777107	1	pf_has_quinolone_mutation	0.0325722053843293
K. pneumoniae	piperacillin_tazobactam	0.8172620074777107	2	pf_n_quinolone_mutations	0.031656295324397
K. pneumoniae	piperacillin_tazobactam	0.8172620074777107	3	target_gene_gc_mean	0.0248936016792931
K. pneumoniae	piperacillin_tazobactam	0.8172620074777107	4	pf_has_parC	0.0245002218372408
K. pneumoniae	piperacillin_tazobactam	0.8172620074777107	5	target_gc_deviation_mean	0.0197639646022395
K. pneumoniae	tetracycline	0.7827142369813422	1	has_target_arg	0.0467952522373047
K. pneumoniae	tetracycline	0.7827142369813422	2	target_any_on_plasmid	0.0339468439483008
K. pneumoniae	tetracycline	0.7827142369813422	3	target_n_plasmid	0.0329516174986041
K. pneumoniae	tetracycline	0.7827142369813422	4	genome_gc	0.0315552050628695
K. pneumoniae	tetracycline	0.7827142369813422	5	n_target_args	0.0304542745512793
K. pneumoniae	tigecycline	0.5539143456124588	1	genome_gc	0.0626087569288568
K. pneumoniae	tigecycline	0.5539143456124588	2	n_amr_genes	0.0522411986949541
K. pneumoniae	tigecycline	0.5539143456124588	3	genome_gene_copies_sum	0.046020179424502
K. pneumoniae	tigecycline	0.5539143456124588	4	st_512	0.0222376767892817
K. pneumoniae	tigecycline	0.5539143456124588	5	pf_n_mutations	0.0222011556390642
K. pneumoniae	tobramycin	0.958893537941358	1	has_target_arg	0.0468412082493468
K. pneumoniae	tobramycin	0.958893537941358	2	target_n_plasmid	0.04160679363105
K. pneumoniae	tobramycin	0.958893537941358	3	n_target_args	0.0390380907817126
K. pneumoniae	tobramycin	0.958893537941358	4	n_amr_genes	0.0364241322309224
K. pneumoniae	tobramycin	0.958893537941358	5	target_any_in_integron	0.0345843861211693
K. pneumoniae	trimethoprim_sulfamethoxazole	0.9147719553454712	1	n_amr_genes	0.0467793500900823
K. pneumoniae	trimethoprim_sulfamethoxazole	0.9147719553454712	2	target_n_plasmid	0.0453858523986877
K. pneumoniae	trimethoprim_sulfamethoxazole	0.9147719553454712	3	genome_gene_copies_sum	0.0432938311379252
K. pneumoniae	trimethoprim_sulfamethoxazole	0.9147719553454712	4	target_any_on_plasmid	0.04244617625026
K. pneumoniae	trimethoprim_sulfamethoxazole	0.9147719553454712	5	has_target_arg	0.0412436452321413
S. aureus	ciprofloxacin	0.9607914517814408	1	pf_n_quinolone_mutations	0.0960329938500302
S. aureus	ciprofloxacin	0.9607914517814408	2	pf_has_gyrA	0.0909481544213399
S. aureus	ciprofloxacin	0.9607914517814408	3	pf_has_quinolone_mutation	0.0825254086412641
S. aureus	ciprofloxacin	0.9607914517814408	4	pf_n_mutations	0.0754094895865186
S. aureus	ciprofloxacin	0.9607914517814408	5	genome_gene_copies_sum	0.0457299855100069
S. aureus	clindamycin	0.9295191628619458	1	n_target_args	0.0635080466370895
S. aureus	clindamycin	0.9295191628619458	2	has_target_arg	0.0562190048786495
S. aureus	clindamycin	0.9295191628619458	3	target_any_on_plasmid	0.0408692219073162
S. aureus	clindamycin	0.9295191628619458	4	arg_low_rbs	0.0332538324960474
S. aureus	clindamycin	0.9295191628619458	5	target_n_plasmid	0.032744313190124
S. aureus	doxycycline	0.6462197606315253	1	genome_gc	0.0444771523205506
S. aureus	doxycycline	0.6462197606315253	2	n_amr_genes	0.0230458902960611
S. aureus	doxycycline	0.6462197606315253	3	target_gc_deviation_max	0.0201673931495521
S. aureus	doxycycline	0.6462197606315253	4	target_gc_deviation_mean	0.0191167476310418
S. aureus	doxycycline	0.6462197606315253	5	target_min_srna_distance	0.0167718647008634
S. aureus	erythromycin	0.9434003932271996	1	n_target_args	0.0645202727697382
S. aureus	erythromycin	0.9434003932271996	2	has_target_arg	0.0634708439431274
S. aureus	erythromycin	0.9434003932271996	3	target_n_plasmid	0.0509307250450843
S. aureus	erythromycin	0.9434003932271996	4	target_any_on_plasmid	0.0381390206703462
S. aureus	erythromycin	0.9434003932271996	5	arg_low_rbs	0.0290126820644659
S. aureus	gentamicin	0.7359646150950498	1	target_cai_max	0.0461370266887402
S. aureus	gentamicin	0.7359646150950498	2	n_target_args	0.0309475316846932
S. aureus	gentamicin	0.7359646150950498	3	pf_n_quinolone_mutations	0.0289288400932931
S. aureus	gentamicin	0.7359646150950498	4	pf_has_quinolone_mutation	0.0288531374854784
S. aureus	gentamicin	0.7359646150950498	5	genome_gene_copies_sum	0.0270128200885362
S. aureus	levofloxacin	0.9826981246218996	1	pf_n_quinolone_mutations	0.1333787520361933
S. aureus	levofloxacin	0.9826981246218996	2	pf_has_gyrA	0.1105875560873372
S. aureus	levofloxacin	0.9826981246218996	3	pf_n_mutations	0.1050609276248555
S. aureus	levofloxacin	0.9826981246218996	4	pf_has_quinolone_mutation	0.0819498842046852
S. aureus	levofloxacin	0.9826981246218996	5	genome_gene_copies_sum	0.0277932535531433
S. aureus	linezolid	0.5696886446886447	1	genome_gene_copies_sum	0.0797374819944142
S. aureus	linezolid	0.5696886446886447	2	pf_has_gyrA	0.0651227716400458
S. aureus	linezolid	0.5696886446886447	3	pf_n_quinolone_mutations	0.0646369701333074
S. aureus	linezolid	0.5696886446886447	4	n_amr_genes	0.0646088615592359
S. aureus	linezolid	0.5696886446886447	5	genome_gc	0.0562619433302881
S. aureus	mupirocin	0.8204133327972338	1	pf_n_mutations	0.0984467524456896
S. aureus	mupirocin	0.8204133327972338	2	st_2276	0.0450751899151665
S. aureus	mupirocin	0.8204133327972338	3	genome_gc	0.0415429355957422
S. aureus	mupirocin	0.8204133327972338	4	n_amr_genes	0.0413334043696881
S. aureus	mupirocin	0.8204133327972338	5	genome_gene_copies_sum	0.0407683422116239
S. aureus	oxacillin	0.8965287535779339	1	target_rbs_dg_total_max	0.0656615238150263
S. aureus	oxacillin	0.8965287535779339	2	target_rbs_expression_min	0.0514580781971792
S. aureus	oxacillin	0.8965287535779339	3	target_gene_gc_max	0.0504617692081483
S. aureus	oxacillin	0.8965287535779339	4	target_gc_deviation_max	0.0408525259530046
S. aureus	oxacillin	0.8965287535779339	5	target_gc_deviation_mean	0.0391642796190491
S. aureus	penicillin	0.9667947622431546	1	genome_gene_copies_sum	0.0537313259413852
S. aureus	penicillin	0.9667947622431546	2	n_target_args	0.0494482525900589
S. aureus	penicillin	0.9667947622431546	3	has_target_arg	0.0475385203375397
S. aureus	penicillin	0.9667947622431546	4	n_amr_genes	0.0431635939855585
S. aureus	penicillin	0.9667947622431546	5	genome_gc	0.0312431918129957
S. aureus	tetracycline	0.8380555555555557	1	n_target_args	0.0792971899332089
S. aureus	tetracycline	0.8380555555555557	2	target_gc_deviation_mean	0.0445198067366119
S. aureus	tetracycline	0.8380555555555557	3	target_gene_gc_mean	0.0351604937540576
S. aureus	tetracycline	0.8380555555555557	4	target_operon_size_mean	0.0351334928611981
S. aureus	tetracycline	0.8380555555555557	5	genome_gene_copies_sum	0.0271464263360671
S. aureus	trimethoprim_sulfamethoxazole	0.6889602203506542	1	genome_gc	0.0800906804238537
S. aureus	trimethoprim_sulfamethoxazole	0.6889602203506542	2	n_amr_genes	0.038556426166812
S. aureus	trimethoprim_sulfamethoxazole	0.6889602203506542	3	genome_gene_copies_sum	0.0368297137925142
S. aureus	trimethoprim_sulfamethoxazole	0.6889602203506542	4	pf_has_gyrA	0.0315693976432599
S. aureus	trimethoprim_sulfamethoxazole	0.6889602203506542	5	n_target_args	0.0315280208452586
S. aureus	vancomycin	0.754783477392173	1	pf_has_gyrA	0.0799823161950216
S. aureus	vancomycin	0.754783477392173	2	pf_n_quinolone_mutations	0.0750221145343843
S. aureus	vancomycin	0.754783477392173	3	n_amr_genes	0.0624368573667629
S. aureus	vancomycin	0.754783477392173	4	genome_gene_copies_sum	0.0613375468229083
S. aureus	vancomycin	0.754783477392173	5	st_2371	0.0559220469389004
A. baumannii	amikacin	0.940816068142602	1	target_gene_gc_mean	0.0452850433992584
A. baumannii	amikacin	0.940816068142602	2	target_gc_deviation_mean	0.0441090272916001
A. baumannii	amikacin	0.940816068142602	3	n_amr_genes	0.0342695970936636
A. baumannii	amikacin	0.940816068142602	4	target_rare_codon_clusters_mean	0.0326386791123717
A. baumannii	amikacin	0.940816068142602	5	n_target_args	0.027637513703042
A. baumannii	ampicillin_sulbactam	0.8977102664782575	1	n_amr_genes	0.0545850973497064
A. baumannii	ampicillin_sulbactam	0.8977102664782575	2	target_cai_mean	0.0387219265891845
A. baumannii	ampicillin_sulbactam	0.8977102664782575	3	n_target_args	0.0369974321639633
A. baumannii	ampicillin_sulbactam	0.8977102664782575	4	target_cai_min	0.0360370797772424
A. baumannii	ampicillin_sulbactam	0.8977102664782575	5	genome_gene_copies_sum	0.0345157140755972
A. baumannii	ceftazidime	0.96729504219966	1	n_amr_genes	0.051560858709606
A. baumannii	ceftazidime	0.96729504219966	2	genome_gene_copies_sum	0.0489415205069853
A. baumannii	ceftazidime	0.96729504219966	3	target_cai_mean	0.0351744151085853
A. baumannii	ceftazidime	0.96729504219966	4	target_rare_codon_pct_mean	0.0244176644295618
A. baumannii	ceftazidime	0.96729504219966	5	target_gc_deviation_max	0.0243752702837259
A. baumannii	ceftriaxone	0.9716604305978482	1	genome_gene_copies_sum	0.0785334341443071
A. baumannii	ceftriaxone	0.9716604305978482	2	n_amr_genes	0.0677877503924579
A. baumannii	ceftriaxone	0.9716604305978482	3	target_cai_mean	0.0223475486411042
A. baumannii	ceftriaxone	0.9716604305978482	4	n_target_args	0.0200786524285092
A. baumannii	ceftriaxone	0.9716604305978482	5	target_gc_deviation_max	0.0197104422339284
A. baumannii	ciprofloxacin	0.972249981052476	1	genome_gene_copies_sum	0.1254927523539141
A. baumannii	ciprofloxacin	0.972249981052476	2	n_amr_genes	0.1142430594002626
A. baumannii	ciprofloxacin	0.972249981052476	3	st_2	0.0524350807500937
A. baumannii	ciprofloxacin	0.972249981052476	4	genome_gc	0.0466376798226348
A. baumannii	ciprofloxacin	0.972249981052476	5	st_3	0.0430991564117367
A. baumannii	doripenem	0.9071207430340558	1	target_rbs_dg_total_max	0.0444079593279794
A. baumannii	doripenem	0.9071207430340558	2	target_rbs_expression_min	0.0385640158840121
A. baumannii	doripenem	0.9071207430340558	3	n_amr_genes	0.0383630018590435
A. baumannii	doripenem	0.9071207430340558	4	genome_gene_copies_sum	0.0331098446339289
A. baumannii	doripenem	0.9071207430340558	5	target_rbs_dg_total_mean	0.0230765894344113
A. baumannii	gentamicin	0.980933285228463	1	target_cai_min	0.0525527185976345
A. baumannii	gentamicin	0.980933285228463	2	target_rare_codon_clusters_mean	0.0382674752237608
A. baumannii	gentamicin	0.980933285228463	3	target_gene_gc_max	0.030255062640739
A. baumannii	gentamicin	0.980933285228463	4	target_gc_deviation_max	0.0291464260750831
A. baumannii	gentamicin	0.980933285228463	5	target_rare_codon_pct_max	0.0249388783538366
A. baumannii	imipenem	0.8789457324266332	1	n_target_args	0.042985625572215
A. baumannii	imipenem	0.8789457324266332	2	target_synteny_n_hypothetical_mean	0.0418086786275906
A. baumannii	imipenem	0.8789457324266332	3	target_n_plasmid	0.0387424456613681
A. baumannii	imipenem	0.8789457324266332	4	target_any_on_plasmid	0.030093397653537
A. baumannii	imipenem	0.8789457324266332	5	target_rbs_dg_total_max	0.0268635678188574
A. baumannii	levofloxacin	0.9582675228337432	1	genome_gene_copies_sum	0.0827216175727527
A. baumannii	levofloxacin	0.9582675228337432	2	st_2	0.0793490294623182
A. baumannii	levofloxacin	0.9582675228337432	3	n_amr_genes	0.0741677326675626
A. baumannii	levofloxacin	0.9582675228337432	4	st_3	0.0737135972358447
A. baumannii	levofloxacin	0.9582675228337432	5	genome_gc	0.0649476398683981
A. baumannii	meropenem	0.9055903981514026	1	target_synteny_n_hypothetical_mean	0.0463450106739294
A. baumannii	meropenem	0.9055903981514026	2	n_target_args	0.0375608011255065
A. baumannii	meropenem	0.9055903981514026	3	target_rbs_dg_total_max	0.0312694303310444
A. baumannii	meropenem	0.9055903981514026	4	target_n_plasmid	0.0311753203686643
A. baumannii	meropenem	0.9055903981514026	5	target_any_on_plasmid	0.02870690288738
A. baumannii	tetracycline	0.9577021717018454	1	has_target_arg	0.0593024337618029
A. baumannii	tetracycline	0.9577021717018454	2	n_target_args	0.059190417276934
A. baumannii	tetracycline	0.9577021717018454	3	n_amr_genes	0.0471829951711152
A. baumannii	tetracycline	0.9577021717018454	4	genome_gene_copies_sum	0.0335350424356814
A. baumannii	tetracycline	0.9577021717018454	5	genome_gc	0.0297802110055625
A. baumannii	tobramycin	0.9285135666618534	1	target_cai_min	0.0551098644152221
A. baumannii	tobramycin	0.9285135666618534	2	target_cai_max	0.0454315846717036
A. baumannii	tobramycin	0.9285135666618534	3	target_gc_deviation_max	0.0424665603522504
A. baumannii	tobramycin	0.9285135666618534	4	target_gene_gc_max	0.0359133958011216
A. baumannii	tobramycin	0.9285135666618534	5	target_identity_mean	0.0315526148404316
A. baumannii	trimethoprim_sulfamethoxazole	0.9398768482643868	1	genome_gene_copies_sum	0.1225267895080137
A. baumannii	trimethoprim_sulfamethoxazole	0.9398768482643868	2	n_amr_genes	0.1188824604760175
A. baumannii	trimethoprim_sulfamethoxazole	0.9398768482643868	3	genome_gc	0.0915301543934508
A. baumannii	trimethoprim_sulfamethoxazole	0.9398768482643868	4	st_2	0.0246018625930683
A. baumannii	trimethoprim_sulfamethoxazole	0.9398768482643868	5	st_32	0.0198543615274101
